Cement (component 1)(kg in a m^3 mixture),Age (day),Water  (component 4)(kg in a m^3 mixture),Blast Furnace Slag (component 2)(kg in a m^3 mixture),Superplasticizer (component 5)(kg in a m^3 mixture),Fine Aggregate (component 7)(kg in a m^3 mixture),Coarse Aggregate  (component 6)(kg in a m^3 mixture),Fly Ash (component 3)(kg in a m^3 mixture)
540.0,28,162.0,0.0,2.5,676.0,1040.0,0.0
540.0,28,162.0,0.0,2.5,676.0,1055.0,0.0
332.5,270,228.0,142.5,0.0,594.0,932.0,0.0
332.5,365,228.0,142.5,0.0,594.0,932.0,0.0
198.6,360,192.0,132.4,0.0,825.5,978.4,0.0
266.0,90,228.0,114.0,0.0,670.0,932.0,0.0
380.0,365,228.0,95.0,0.0,594.0,932.0,0.0
380.0,28,228.0,95.0,0.0,594.0,932.0,0.0
266.0,28,228.0,114.0,0.0,670.0,932.0,0.0
475.0,28,228.0,0.0,0.0,594.0,932.0,0.0
198.6,90,192.0,132.4,0.0,825.5,978.4,0.0
198.6,28,192.0,132.4,0.0,825.5,978.4,0.0
427.5,270,228.0,47.5,0.0,594.0,932.0,0.0
190.0,90,228.0,190.0,0.0,670.0,932.0,0.0
304.0,28,228.0,76.0,0.0,670.0,932.0,0.0
380.0,90,228.0,0.0,0.0,670.0,932.0,0.0
139.6,90,192.0,209.4,0.0,806.9,1047.0,0.0
342.0,365,228.0,38.0,0.0,670.0,932.0,0.0
380.0,90,228.0,95.0,0.0,594.0,932.0,0.0
475.0,180,228.0,0.0,0.0,594.0,932.0,0.0
427.5,180,228.0,47.5,0.0,594.0,932.0,0.0
139.6,28,192.0,209.4,0.0,806.9,1047.0,0.0
139.6,3,192.0,209.4,0.0,806.9,1047.0,0.0
139.6,180,192.0,209.4,0.0,806.9,1047.0,0.0
380.0,365,228.0,0.0,0.0,670.0,932.0,0.0
380.0,270,228.0,0.0,0.0,670.0,932.0,0.0
380.0,270,228.0,95.0,0.0,594.0,932.0,0.0
342.0,180,228.0,38.0,0.0,670.0,932.0,0.0
427.5,28,228.0,47.5,0.0,594.0,932.0,0.0
475.0,7,228.0,0.0,0.0,594.0,932.0,0.0
304.0,365,228.0,76.0,0.0,670.0,932.0,0.0
266.0,365,228.0,114.0,0.0,670.0,932.0,0.0
198.6,180,192.0,132.4,0.0,825.5,978.4,0.0
475.0,270,228.0,0.0,0.0,594.0,932.0,0.0
190.0,365,228.0,190.0,0.0,670.0,932.0,0.0
237.5,270,228.0,237.5,0.0,594.0,932.0,0.0
237.5,28,228.0,237.5,0.0,594.0,932.0,0.0
332.5,90,228.0,142.5,0.0,594.0,932.0,0.0
475.0,90,228.0,0.0,0.0,594.0,932.0,0.0
237.5,180,228.0,237.5,0.0,594.0,932.0,0.0
342.0,90,228.0,38.0,0.0,670.0,932.0,0.0
427.5,365,228.0,47.5,0.0,594.0,932.0,0.0
237.5,365,228.0,237.5,0.0,594.0,932.0,0.0
380.0,180,228.0,0.0,0.0,670.0,932.0,0.0
427.5,90,228.0,47.5,0.0,594.0,932.0,0.0
427.5,7,228.0,47.5,0.0,594.0,932.0,0.0
349.0,3,192.0,0.0,0.0,806.9,1047.0,0.0
380.0,180,228.0,95.0,0.0,594.0,932.0,0.0
237.5,7,228.0,237.5,0.0,594.0,932.0,0.0
380.0,7,228.0,95.0,0.0,594.0,932.0,0.0
332.5,180,228.0,142.5,0.0,594.0,932.0,0.0
190.0,180,228.0,190.0,0.0,670.0,932.0,0.0
237.5,90,228.0,237.5,0.0,594.0,932.0,0.0
304.0,90,228.0,76.0,0.0,670.0,932.0,0.0
139.6,7,192.0,209.4,0.0,806.9,1047.0,0.0
198.6,7,192.0,132.4,0.0,825.5,978.4,0.0
475.0,365,228.0,0.0,0.0,594.0,932.0,0.0
198.6,3,192.0,132.4,0.0,825.5,978.4,0.0
304.0,180,228.0,76.0,0.0,670.0,932.0,0.0
332.5,28,228.0,142.5,0.0,594.0,932.0,0.0
304.0,270,228.0,76.0,0.0,670.0,932.0,0.0
266.0,270,228.0,114.0,0.0,670.0,932.0,0.0
310.0,3,192.0,0.0,0.0,850.6,971.0,0.0
190.0,270,228.0,190.0,0.0,670.0,932.0,0.0
266.0,180,228.0,114.0,0.0,670.0,932.0,0.0
342.0,270,228.0,38.0,0.0,670.0,932.0,0.0
139.6,360,192.0,209.4,0.0,806.9,1047.0,0.0
332.5,7,228.0,142.5,0.0,594.0,932.0,0.0
190.0,28,228.0,190.0,0.0,670.0,932.0,0.0
485.0,28,146.0,0.0,0.0,800.0,1120.0,0.0
374.0,3,170.1,189.2,10.1,756.7,926.1,0.0
313.3,3,175.5,262.2,8.6,611.8,1046.9,0.0
425.0,3,153.5,106.3,16.5,887.1,852.1,0.0
425.0,3,151.4,106.3,18.6,803.7,936.0,0.0
375.0,3,126.6,93.8,23.4,992.6,852.1,0.0
475.0,3,181.1,118.8,8.9,781.5,852.1,0.0
469.0,3,137.8,117.2,32.2,840.5,852.1,0.0
425.0,3,153.5,106.3,16.5,887.1,852.1,0.0
388.6,3,157.9,97.1,12.1,925.7,852.1,0.0
531.3,3,141.8,0.0,28.2,893.7,852.1,0.0
425.0,3,153.5,106.3,16.5,887.1,852.1,0.0
318.8,3,155.7,212.5,14.3,880.4,852.1,0.0
401.8,3,147.4,94.7,11.4,852.1,946.8,0.0
362.6,3,164.9,189.0,11.6,755.8,944.7,0.0
323.7,3,183.8,282.8,10.3,659.9,942.7,0.0
379.5,3,153.9,151.2,15.9,605.0,1134.3,0.0
362.6,3,164.9,189.0,11.6,755.8,944.7,0.0
286.3,3,144.7,200.9,11.2,803.7,1004.6,0.0
362.6,3,164.9,189.0,11.6,755.8,944.7,0.0
439.0,3,186.0,177.0,11.1,707.9,884.9,0.0
389.9,3,145.9,189.0,22.0,755.8,944.7,0.0
362.6,3,164.9,189.0,11.6,755.8,944.7,0.0
337.9,3,174.9,189.0,9.5,755.8,944.7,0.0
374.0,7,170.1,189.2,10.1,756.7,926.1,0.0
313.3,7,175.5,262.2,8.6,611.8,1046.9,0.0
425.0,7,153.5,106.3,16.5,887.1,852.1,0.0
425.0,7,151.4,106.3,18.6,803.7,936.0,0.0
375.0,7,126.6,93.8,23.4,992.6,852.1,0.0
475.0,7,181.1,118.8,8.9,781.5,852.1,0.0
469.0,7,137.8,117.2,32.2,840.5,852.1,0.0
425.0,7,153.5,106.3,16.5,887.1,852.1,0.0
388.6,7,157.9,97.1,12.1,925.7,852.1,0.0
531.3,7,141.8,0.0,28.2,893.7,852.1,0.0
425.0,7,153.5,106.3,16.5,887.1,852.1,0.0
318.8,7,155.7,212.5,14.3,880.4,852.1,0.0
401.8,7,147.4,94.7,11.4,852.1,946.8,0.0
362.6,7,164.9,189.0,11.6,755.8,944.7,0.0
323.7,7,183.8,282.8,10.3,659.9,942.7,0.0
379.5,7,153.9,151.2,15.9,605.0,1134.3,0.0
362.6,7,164.9,189.0,11.6,755.8,944.7,0.0
286.3,7,144.7,200.9,11.2,803.7,1004.6,0.0
362.6,7,164.9,189.0,11.6,755.8,944.7,0.0
439.0,7,186.0,177.0,11.1,707.9,884.9,0.0
389.9,7,145.9,189.0,22.0,755.8,944.7,0.0
362.6,7,164.9,189.0,11.6,755.8,944.7,0.0
337.9,7,174.9,189.0,9.5,755.8,944.7,0.0
374.0,28,170.1,189.2,10.1,756.7,926.1,0.0
313.3,28,175.5,262.2,8.6,611.8,1046.9,0.0
425.0,28,153.5,106.3,16.5,887.1,852.1,0.0
425.0,28,151.4,106.3,18.6,803.7,936.0,0.0
375.0,28,126.6,93.8,23.4,992.6,852.1,0.0
475.0,28,181.1,118.8,8.9,781.5,852.1,0.0
469.0,28,137.8,117.2,32.2,840.5,852.1,0.0
425.0,28,153.5,106.3,16.5,887.1,852.1,0.0
388.6,28,157.9,97.1,12.1,925.7,852.1,0.0
531.3,28,141.8,0.0,28.2,893.7,852.1,0.0
425.0,28,153.5,106.3,16.5,887.1,852.1,0.0
318.8,28,155.7,212.5,14.3,880.4,852.1,0.0
401.8,28,147.4,94.7,11.4,852.1,946.8,0.0
362.6,28,164.9,189.0,11.6,755.8,944.7,0.0
323.7,28,183.8,282.8,10.3,659.9,942.7,0.0
379.5,28,153.9,151.2,15.9,605.0,1134.3,0.0
362.6,28,164.9,189.0,11.6,755.8,944.7,0.0
286.3,28,144.7,200.9,11.2,803.7,1004.6,0.0
362.6,28,164.9,189.0,11.6,755.8,944.7,0.0
439.0,28,186.0,177.0,11.1,707.9,884.9,0.0
389.9,28,145.9,189.0,22.0,755.8,944.7,0.0
362.6,28,164.9,189.0,11.6,755.8,944.7,0.0
337.9,28,174.9,189.0,9.5,755.8,944.7,0.0
374.0,56,170.1,189.2,10.1,756.7,926.1,0.0
313.3,56,175.5,262.2,8.6,611.8,1046.9,0.0
425.0,56,153.5,106.3,16.5,887.1,852.1,0.0
425.0,56,151.4,106.3,18.6,803.7,936.0,0.0
375.0,56,126.6,93.8,23.4,992.6,852.1,0.0
475.0,56,181.1,118.8,8.9,781.5,852.1,0.0
469.0,56,137.8,117.2,32.2,840.5,852.1,0.0
425.0,56,153.5,106.3,16.5,887.1,852.1,0.0
388.6,56,157.9,97.1,12.1,925.7,852.1,0.0
531.3,56,141.8,0.0,28.2,893.7,852.1,0.0
425.0,56,153.5,106.3,16.5,887.1,852.1,0.0
318.8,56,155.7,212.5,14.3,880.4,852.1,0.0
401.8,56,147.4,94.7,11.4,852.1,946.8,0.0
362.6,56,164.9,189.0,11.6,755.8,944.7,0.0
323.7,56,183.8,282.8,10.3,659.9,942.7,0.0
379.5,56,153.9,151.2,15.9,605.0,1134.3,0.0
362.6,56,164.9,189.0,11.6,755.8,944.7,0.0
286.3,56,144.7,200.9,11.2,803.7,1004.6,0.0
362.6,56,164.9,189.0,11.6,755.8,944.7,0.0
439.0,56,186.0,177.0,11.1,707.9,884.9,0.0
389.9,56,145.9,189.0,22.0,755.8,944.7,0.0
362.6,56,164.9,189.0,11.6,755.8,944.7,0.0
337.9,56,174.9,189.0,9.5,755.8,944.7,0.0
374.0,91,170.1,189.2,10.1,756.7,926.1,0.0
313.3,91,175.5,262.2,8.6,611.8,1046.9,0.0
425.0,91,153.5,106.3,16.5,887.1,852.1,0.0
425.0,91,151.4,106.3,18.6,803.7,936.0,0.0
375.0,91,126.6,93.8,23.4,992.6,852.1,0.0
475.0,91,181.1,118.8,8.9,781.5,852.1,0.0
469.0,91,137.8,117.2,32.2,840.5,852.1,0.0
425.0,91,153.5,106.3,16.5,887.1,852.1,0.0
388.6,91,157.9,97.1,12.1,925.7,852.1,0.0
531.3,91,141.8,0.0,28.2,893.7,852.1,0.0
425.0,91,153.5,106.3,16.5,887.1,852.1,0.0
318.8,91,155.7,212.5,14.3,880.4,852.1,0.0
401.8,91,147.4,94.7,11.4,852.1,946.8,0.0
362.6,91,164.9,189.0,11.6,755.8,944.7,0.0
379.5,91,153.9,151.2,15.9,605.0,1134.3,0.0
362.6,91,164.9,189.0,11.6,755.8,944.7,0.0
286.3,91,144.7,200.9,11.2,803.7,1004.6,0.0
362.6,91,164.9,189.0,11.6,755.8,944.7,0.0
439.0,91,186.0,177.0,11.1,707.9,884.9,0.0
389.9,91,145.9,189.0,22.0,755.8,944.7,0.0
362.6,91,164.9,189.0,11.6,755.8,944.7,0.0
337.9,91,174.9,189.0,9.5,755.8,944.7,0.0
222.4,3,189.3,0.0,4.5,870.3,967.1,96.7
222.4,14,189.3,0.0,4.5,870.3,967.1,96.7
222.4,28,189.3,0.0,4.5,870.3,967.1,96.7
222.4,56,189.3,0.0,4.5,870.3,967.1,96.7
222.4,100,189.3,0.0,4.5,870.3,967.1,96.7
233.8,3,197.9,0.0,4.6,852.2,947.0,94.6
233.8,14,197.9,0.0,4.6,852.2,947.0,94.6
233.8,28,197.9,0.0,4.6,852.2,947.0,94.6
233.8,56,197.9,0.0,4.6,852.2,947.0,94.6
233.8,100,197.9,0.0,4.6,852.2,947.0,94.6
194.7,3,165.6,0.0,7.5,905.9,1006.4,100.5
194.7,14,165.6,0.0,7.5,905.9,1006.4,100.5
194.7,28,165.6,0.0,7.5,905.9,1006.4,100.5
194.7,56,165.6,0.0,7.5,905.9,1006.4,100.5
194.7,100,165.6,0.0,7.5,905.9,1006.4,100.5
190.7,3,162.1,0.0,7.8,804.0,1090.0,125.4
190.7,14,162.1,0.0,7.8,804.0,1090.0,125.4
190.7,28,162.1,0.0,7.8,804.0,1090.0,125.4
190.7,56,162.1,0.0,7.8,804.0,1090.0,125.4
190.7,100,162.1,0.0,7.8,804.0,1090.0,125.4
212.1,3,180.3,0.0,5.7,779.3,1057.6,121.6
212.1,14,180.3,0.0,5.7,779.3,1057.6,121.6
212.1,28,180.3,0.0,5.7,779.3,1057.6,121.6
212.1,56,180.3,0.0,5.7,779.3,1057.6,121.6
212.1,100,180.3,0.0,5.7,779.3,1057.6,121.6
230.0,3,195.5,0.0,4.6,758.6,1029.4,118.3
230.0,14,195.5,0.0,4.6,758.6,1029.4,118.3
230.0,28,195.5,0.0,4.6,758.6,1029.4,118.3
230.0,56,195.5,0.0,4.6,758.6,1029.4,118.3
230.0,100,195.5,0.0,4.6,758.6,1029.4,118.3
190.3,3,161.9,0.0,9.9,802.6,1088.1,125.2
190.3,14,161.9,0.0,9.9,802.6,1088.1,125.2
190.3,28,161.9,0.0,9.9,802.6,1088.1,125.2
190.3,56,161.9,0.0,9.9,802.6,1088.1,125.2
190.3,100,161.9,0.0,9.9,802.6,1088.1,125.2
166.1,3,176.5,0.0,4.5,780.1,1058.6,163.3
166.1,14,176.5,0.0,4.5,780.1,1058.6,163.3
166.1,28,176.5,0.0,4.5,780.1,1058.6,163.3
166.1,56,176.5,0.0,4.5,780.1,1058.6,163.3
166.1,100,176.5,0.0,4.5,780.1,1058.6,163.3
168.0,3,121.8,42.1,5.7,780.1,1058.7,163.8
168.0,14,121.8,42.1,5.7,780.1,1058.7,163.8
168.0,28,121.8,42.1,5.7,780.1,1058.7,163.8
168.0,56,121.8,42.1,5.7,780.1,1058.7,163.8
168.0,100,121.8,42.1,5.7,780.1,1058.7,163.8
213.7,3,181.7,98.1,6.9,785.4,1065.8,24.5
213.7,14,181.7,98.1,6.9,785.4,1065.8,24.5
213.7,28,181.7,98.1,6.9,785.4,1065.8,24.5
213.7,56,181.7,98.1,6.9,785.4,1065.8,24.5
213.7,100,181.7,98.1,6.9,785.4,1065.8,24.5
213.8,3,181.7,98.1,6.7,785.5,1066.0,24.5
213.8,14,181.7,98.1,6.7,785.5,1066.0,24.5
213.8,28,181.7,98.1,6.7,785.5,1066.0,24.5
213.8,56,181.7,98.1,6.7,785.5,1066.0,24.5
213.8,100,181.7,98.1,6.7,785.5,1066.0,24.5
229.7,3,195.2,0.0,6.1,757.6,1028.1,118.2
229.7,14,195.2,0.0,6.1,757.6,1028.1,118.2
229.7,28,195.2,0.0,6.1,757.6,1028.1,118.2
229.7,56,195.2,0.0,6.1,757.6,1028.1,118.2
229.7,100,195.2,0.0,6.1,757.6,1028.1,118.2
238.1,3,186.7,0.0,7.0,847.0,949.9,94.1
238.1,14,186.7,0.0,7.0,847.0,949.9,94.1
238.1,28,186.7,0.0,7.0,847.0,949.9,94.1
238.1,56,186.7,0.0,7.0,847.0,949.9,94.1
238.1,100,186.7,0.0,7.0,847.0,949.9,94.1
250.0,3,187.4,0.0,5.5,861.2,956.9,95.7
250.0,14,187.4,0.0,5.5,861.2,956.9,95.7
250.0,28,187.4,0.0,5.5,861.2,956.9,95.7
250.0,56,187.4,0.0,5.5,861.2,956.9,95.7
250.0,100,187.4,0.0,5.5,861.2,956.9,95.7
212.5,3,159.3,0.0,8.7,903.6,1007.8,100.4
212.5,14,159.3,0.0,8.7,903.6,1007.8,100.4
212.5,28,159.3,0.0,8.7,903.6,1007.8,100.4
212.5,56,159.3,0.0,8.7,903.6,1007.8,100.4
212.5,100,159.3,0.0,8.7,903.6,1007.8,100.4
212.6,3,159.4,0.0,10.4,903.8,1003.8,100.4
212.6,14,159.4,0.0,10.4,903.8,1003.8,100.4
212.6,28,159.4,0.0,10.4,903.8,1003.8,100.4
212.6,56,159.4,0.0,10.4,903.8,1003.8,100.4
212.6,100,159.4,0.0,10.4,903.8,1003.8,100.4
212.0,3,159.0,0.0,7.8,799.5,1085.4,124.8
212.0,14,159.0,0.0,7.8,799.5,1085.4,124.8
212.0,28,159.0,0.0,7.8,799.5,1085.4,124.8
212.0,56,159.0,0.0,7.8,799.5,1085.4,124.8
212.0,100,159.0,0.0,7.8,799.5,1085.4,124.8
231.8,3,174.0,0.0,6.7,778.5,1056.4,121.6
231.8,14,174.0,0.0,6.7,778.5,1056.4,121.6
231.8,28,174.0,0.0,6.7,778.5,1056.4,121.6
231.8,56,174.0,0.0,6.7,778.5,1056.4,121.6
231.8,100,174.0,0.0,6.7,778.5,1056.4,121.6
251.4,3,188.5,0.0,5.8,757.7,1028.4,118.3
251.4,14,188.5,0.0,5.8,757.7,1028.4,118.3
251.4,28,188.5,0.0,5.8,757.7,1028.4,118.3
251.4,56,188.5,0.0,5.8,757.7,1028.4,118.3
251.4,100,188.5,0.0,5.8,757.7,1028.4,118.3
251.4,3,188.5,0.0,6.4,757.7,1028.4,118.3
251.4,14,188.5,0.0,6.4,757.7,1028.4,118.3
251.4,28,188.5,0.0,6.4,757.7,1028.4,118.3
251.4,56,188.5,0.0,6.4,757.7,1028.4,118.3
251.4,100,188.5,0.0,6.4,757.7,1028.4,118.3
181.4,3,169.6,0.0,7.6,777.8,1055.6,167.0
181.4,14,169.6,0.0,7.6,777.8,1055.6,167.0
181.4,28,169.6,0.0,7.6,777.8,1055.6,167.0
181.4,56,169.6,0.0,7.6,777.8,1055.6,167.0
181.4,100,169.6,0.0,7.6,777.8,1055.6,167.0
182.0,3,170.2,45.2,8.2,780.7,1059.4,122.0
182.0,14,170.2,45.2,8.2,780.7,1059.4,122.0
182.0,28,170.2,45.2,8.2,780.7,1059.4,122.0
182.0,56,170.2,45.2,8.2,780.7,1059.4,122.0
182.0,100,170.2,45.2,8.2,780.7,1059.4,122.0
168.9,3,158.3,42.2,10.8,796.2,1080.8,124.3
168.9,14,158.3,42.2,10.8,796.2,1080.8,124.3
168.9,28,158.3,42.2,10.8,796.2,1080.8,124.3
168.9,56,158.3,42.2,10.8,796.2,1080.8,124.3
168.9,100,158.3,42.2,10.8,796.2,1080.8,124.3
290.4,3,168.1,0.0,9.4,865.0,961.2,96.2
290.4,14,168.1,0.0,9.4,865.0,961.2,96.2
290.4,28,168.1,0.0,9.4,865.0,961.2,96.2
290.4,56,168.1,0.0,9.4,865.0,961.2,96.2
290.4,100,168.1,0.0,9.4,865.0,961.2,96.2
277.1,3,160.6,0.0,11.8,875.6,973.9,97.4
277.1,14,160.6,0.0,11.8,875.6,973.9,97.4
277.1,28,160.6,0.0,11.8,875.6,973.9,97.4
277.1,56,160.6,0.0,11.8,875.6,973.9,97.4
277.1,100,160.6,0.0,11.8,875.6,973.9,97.4
295.7,3,171.5,0.0,8.9,859.2,955.1,95.6
295.7,14,171.5,0.0,8.9,859.2,955.1,95.6
295.7,28,171.5,0.0,8.9,859.2,955.1,95.6
295.7,56,171.5,0.0,8.9,859.2,955.1,95.6
295.7,100,171.5,0.0,8.9,859.2,955.1,95.6
251.8,3,146.1,0.0,12.4,899.8,1006.0,99.9
251.8,14,146.1,0.0,12.4,899.8,1006.0,99.9
251.8,28,146.1,0.0,12.4,899.8,1006.0,99.9
251.8,56,146.1,0.0,12.4,899.8,1006.0,99.9
251.8,100,146.1,0.0,12.4,899.8,1006.0,99.9
249.1,3,158.1,0.0,12.8,889.0,987.8,98.8
249.1,14,158.1,0.0,12.8,889.0,987.8,98.8
249.1,28,158.1,0.0,12.8,889.0,987.8,98.8
249.1,56,158.1,0.0,12.8,889.0,987.8,98.8
249.1,100,158.1,0.0,12.8,889.0,987.8,98.8
252.3,3,146.3,0.0,14.2,889.0,987.8,98.8
252.3,14,146.3,0.0,14.2,889.0,987.8,98.8
252.3,28,146.3,0.0,14.2,889.0,987.8,98.8
252.3,56,146.3,0.0,14.2,889.0,987.8,98.8
252.3,100,146.3,0.0,14.2,889.0,987.8,98.8
246.8,3,143.3,0.0,12.0,800.9,1086.8,125.1
246.8,14,143.3,0.0,12.0,800.9,1086.8,125.1
246.8,28,143.3,0.0,12.0,800.9,1086.8,125.1
246.8,56,143.3,0.0,12.0,800.9,1086.8,125.1
246.8,100,143.3,0.0,12.0,800.9,1086.8,125.1
275.1,3,159.5,0.0,9.9,777.5,1053.6,121.4
275.1,14,159.5,0.0,9.9,777.5,1053.6,121.4
275.1,28,159.5,0.0,9.9,777.5,1053.6,121.4
275.1,56,159.5,0.0,9.9,777.5,1053.6,121.4
275.1,100,159.5,0.0,9.9,777.5,1053.6,121.4
297.2,3,174.8,0.0,9.5,753.5,1022.8,117.5
297.2,14,174.8,0.0,9.5,753.5,1022.8,117.5
297.2,28,174.8,0.0,9.5,753.5,1022.8,117.5
297.2,56,174.8,0.0,9.5,753.5,1022.8,117.5
297.2,100,174.8,0.0,9.5,753.5,1022.8,117.5
213.7,3,154.8,0.0,10.2,776.4,1053.5,174.7
213.7,14,154.8,0.0,10.2,776.4,1053.5,174.7
213.7,28,154.8,0.0,10.2,776.4,1053.5,174.7
213.7,56,154.8,0.0,10.2,776.4,1053.5,174.7
213.7,100,154.8,0.0,10.2,776.4,1053.5,174.7
213.5,3,154.6,0.0,11.7,775.5,1052.3,174.2
213.5,14,154.6,0.0,11.7,775.5,1052.3,174.2
213.5,28,154.6,0.0,11.7,775.5,1052.3,174.2
213.5,56,154.6,0.0,11.7,775.5,1052.3,174.2
213.5,100,154.6,0.0,11.7,775.5,1052.3,174.2
277.2,3,160.7,97.8,11.2,782.5,1061.7,24.5
277.2,14,160.7,97.8,11.2,782.5,1061.7,24.5
277.2,28,160.7,97.8,11.2,782.5,1061.7,24.5
277.2,56,160.7,97.8,11.2,782.5,1061.7,24.5
277.2,100,160.7,97.8,11.2,782.5,1061.7,24.5
218.2,3,140.8,54.6,11.9,792.7,1075.7,123.8
218.2,14,140.8,54.6,11.9,792.7,1075.7,123.8
218.2,28,140.8,54.6,11.9,792.7,1075.7,123.8
218.2,56,140.8,54.6,11.9,792.7,1075.7,123.8
218.2,100,140.8,54.6,11.9,792.7,1075.7,123.8
214.9,3,155.6,53.8,9.6,780.6,1014.3,121.9
214.9,14,155.6,53.8,9.6,780.6,1014.3,121.9
214.9,28,155.6,53.8,9.6,780.6,1014.3,121.9
214.9,56,155.6,53.8,9.6,780.6,1014.3,121.9
214.9,100,155.6,53.8,9.6,780.6,1014.3,121.9
218.9,3,158.5,0.0,11.3,794.9,1078.7,124.1
218.9,14,158.5,0.0,11.3,794.9,1078.7,124.1
218.9,28,158.5,0.0,11.3,794.9,1078.7,124.1
218.9,56,158.5,0.0,11.3,794.9,1078.7,124.1
218.9,100,158.5,0.0,11.3,794.9,1078.7,124.1
376.0,3,214.6,0.0,0.0,762.4,1003.5,0.0
376.0,14,214.6,0.0,0.0,762.4,1003.5,0.0
376.0,28,214.6,0.0,0.0,762.4,1003.5,0.0
376.0,56,214.6,0.0,0.0,762.4,1003.5,0.0
376.0,100,214.6,0.0,0.0,762.4,1003.5,0.0
500.0,28,140.0,0.0,4.0,853.0,966.0,0.0
475.0,28,142.0,0.0,1.9,641.0,1098.0,59.0
315.0,28,145.0,137.0,5.9,745.0,1130.0,0.0
505.0,28,195.0,0.0,0.0,630.0,1030.0,60.0
451.0,28,165.0,0.0,11.3,745.0,1030.0,0.0
516.0,28,162.0,0.0,8.2,802.0,801.0,0.0
520.0,28,170.0,0.0,5.2,855.0,855.0,0.0
528.0,28,185.0,0.0,6.9,720.0,920.0,0.0
520.0,28,175.0,0.0,5.2,805.0,870.0,0.0
385.0,28,158.0,0.0,20.0,768.0,903.0,136.0
500.1,28,200.0,0.0,3.0,613.2,1124.4,0.0
450.1,28,200.0,50.0,3.0,613.2,1124.4,0.0
397.0,28,167.0,17.2,20.8,633.0,967.0,158.0
333.0,28,167.0,17.5,17.9,652.0,996.0,163.0
334.0,28,189.0,17.6,15.3,633.0,967.0,158.0
405.0,28,175.0,0.0,0.0,695.0,1120.0,0.0
200.0,28,190.0,200.0,0.0,660.0,1145.0,0.0
516.0,28,162.0,0.0,8.3,802.0,801.0,0.0
145.0,28,184.0,116.0,5.7,880.0,833.0,119.0
160.0,28,182.0,128.0,6.4,879.0,824.0,122.0
234.0,28,189.0,156.0,5.9,760.0,981.0,0.0
250.0,28,159.0,180.0,9.5,800.0,860.0,95.0
475.0,28,162.0,0.0,9.5,662.0,1044.0,0.0
285.0,28,163.0,190.0,7.6,685.0,1031.0,0.0
356.0,28,160.0,119.0,9.0,657.0,1061.0,0.0
275.0,28,162.0,180.0,10.4,765.0,830.0,120.0
500.0,28,151.0,0.0,9.0,655.0,1033.0,0.0
165.0,3,163.8,0.0,0.0,900.9,1005.6,143.6
165.0,3,175.1,128.5,8.1,746.6,1005.8,132.1
178.0,3,179.9,129.8,3.6,746.8,1007.3,118.6
167.4,3,175.5,129.9,7.8,746.6,1006.3,128.6
172.4,3,156.8,13.6,4.1,856.4,1006.3,172.4
173.5,3,164.8,50.1,6.5,793.5,1006.2,173.5
167.0,3,164.0,75.4,7.9,770.1,1007.3,167.0
173.8,3,172.3,93.4,9.7,746.6,1007.2,159.9
190.3,3,166.6,0.0,9.9,798.9,1079.0,125.2
250.0,3,191.8,0.0,5.3,857.2,948.9,95.7
213.5,3,159.2,0.0,11.7,771.9,1043.6,174.2
194.7,3,170.2,0.0,7.5,901.8,998.0,100.5
251.4,3,192.9,0.0,5.8,754.3,1043.6,118.3
165.0,14,163.8,0.0,0.0,900.9,1005.6,143.6
165.0,14,175.1,128.5,8.1,746.6,1005.8,132.1
178.0,14,179.9,129.8,3.6,746.8,1007.3,118.6
167.4,14,175.5,129.9,7.8,746.6,1006.3,128.6
172.4,14,156.8,13.6,4.1,856.4,1006.3,172.4
173.5,14,164.8,50.1,6.5,793.5,1006.2,173.5
167.0,14,164.0,75.4,7.9,770.1,1007.3,167.0
173.8,14,172.3,93.4,9.7,746.6,1007.2,159.9
190.3,14,166.6,0.0,9.9,798.9,1079.0,125.2
250.0,14,191.8,0.0,5.3,857.2,948.9,95.7
213.5,14,159.2,0.0,11.7,771.9,1043.6,174.2
194.7,14,170.2,0.0,7.5,901.8,998.0,100.5
251.4,14,192.9,0.0,5.8,754.3,1043.6,118.3
165.0,28,163.8,0.0,0.0,900.9,1005.6,143.6
165.0,28,175.1,128.5,8.1,746.6,1005.8,132.1
178.0,28,179.9,129.8,3.6,746.8,1007.3,118.6
167.4,28,175.5,129.9,7.8,746.6,1006.3,128.6
172.4,28,156.8,13.6,4.1,856.4,1006.3,172.4
173.5,28,164.8,50.1,6.5,793.5,1006.2,173.5
167.0,28,164.0,75.4,7.9,770.1,1007.3,167.0
173.8,28,172.3,93.4,9.7,746.6,1007.2,159.9
190.3,28,166.6,0.0,9.9,798.9,1079.0,125.2
250.0,28,191.8,0.0,5.3,857.2,948.9,95.7
213.5,28,159.2,0.0,11.7,771.9,1043.6,174.2
194.7,28,170.2,0.0,7.5,901.8,998.0,100.5
251.4,28,192.9,0.0,5.8,754.3,1043.6,118.3
165.0,56,163.8,0.0,0.0,900.9,1005.6,143.6
165.0,56,175.1,128.5,8.1,746.6,1005.8,132.1
178.0,56,179.9,129.8,3.6,746.8,1007.3,118.6
167.4,56,175.5,129.9,7.8,746.6,1006.3,128.6
172.4,56,156.8,13.6,4.1,856.4,1006.3,172.4
173.5,56,164.8,50.1,6.5,793.5,1006.2,173.5
167.0,56,164.0,75.4,7.9,770.1,1007.3,167.0
173.8,56,172.3,93.4,9.7,746.6,1007.2,159.9
190.3,56,166.6,0.0,9.9,798.9,1079.0,125.2
250.0,56,191.8,0.0,5.3,857.2,948.9,95.7
213.5,56,159.2,0.0,11.7,771.9,1043.6,174.2
194.7,56,170.2,0.0,7.5,901.8,998.0,100.5
251.4,56,192.9,0.0,5.8,754.3,1043.6,118.3
165.0,100,163.8,0.0,0.0,900.9,1005.6,143.6
165.0,100,175.1,128.5,8.1,746.6,1005.8,132.1
178.0,100,179.9,129.8,3.6,746.8,1007.3,118.6
167.4,100,175.5,129.9,7.8,746.6,1006.3,128.6
172.4,100,156.8,13.6,4.1,856.4,1006.3,172.4
173.5,100,164.8,50.1,6.5,793.5,1006.2,173.5
167.0,100,164.0,75.4,7.9,770.1,1007.3,167.0
173.8,100,172.3,93.4,9.7,746.6,1007.2,159.9
190.3,100,166.6,0.0,9.9,798.9,1079.0,125.2
250.0,100,191.8,0.0,5.3,857.2,948.9,95.7
213.5,100,159.2,0.0,11.7,771.9,1043.6,174.2
194.7,100,170.2,0.0,7.5,901.8,998.0,100.5
251.4,100,192.9,0.0,5.8,754.3,1043.6,118.3
446.0,28,162.0,24.0,11.6,712.0,967.0,79.0
446.0,28,162.0,24.0,11.6,712.0,967.0,79.0
446.0,28,162.0,24.0,11.6,712.0,967.0,79.0
446.0,28,162.0,24.0,10.3,712.0,967.0,79.0
446.0,3,162.0,24.0,11.6,712.0,967.0,79.0
446.0,3,162.0,24.0,11.6,712.0,967.0,79.0
446.0,3,162.0,24.0,11.6,712.0,967.0,79.0
446.0,7,162.0,24.0,11.6,712.0,967.0,79.0
446.0,7,162.0,24.0,11.6,712.0,967.0,79.0
446.0,7,162.0,24.0,11.6,712.0,967.0,79.0
446.0,56,162.0,24.0,11.6,712.0,967.0,79.0
446.0,56,162.0,24.0,11.6,712.0,967.0,79.0
446.0,56,162.0,24.0,11.6,712.0,967.0,79.0
446.0,56,162.0,24.0,10.3,712.0,967.0,79.0
387.0,28,157.0,20.0,14.3,845.0,938.0,94.0
387.0,28,157.0,20.0,13.9,845.0,938.0,94.0
387.0,28,157.0,20.0,11.6,845.0,938.0,94.0
387.0,3,157.0,20.0,14.3,845.0,938.0,94.0
387.0,3,157.0,20.0,13.9,845.0,938.0,94.0
387.0,3,157.0,20.0,11.6,845.0,938.0,94.0
387.0,7,157.0,20.0,14.3,845.0,938.0,94.0
387.0,7,157.0,20.0,13.9,845.0,938.0,94.0
387.0,7,157.0,20.0,11.6,845.0,938.0,94.0
387.0,56,157.0,20.0,14.3,845.0,938.0,94.0
387.0,56,157.0,20.0,13.9,845.0,938.0,94.0
387.0,56,157.0,20.0,11.6,845.0,938.0,94.0
355.0,28,145.0,19.0,13.1,871.0,967.0,97.0
355.0,28,145.0,19.0,12.3,871.0,967.0,97.0
491.0,28,210.0,26.0,3.9,699.0,882.0,123.0
491.0,28,201.0,26.0,3.9,699.0,822.0,123.0
491.0,3,210.0,26.0,3.9,699.0,882.0,123.0
491.0,7,210.0,26.0,3.9,699.0,882.0,123.0
491.0,56,210.0,26.0,3.9,699.0,882.0,123.0
491.0,3,201.0,26.0,3.9,699.0,822.0,123.0
491.0,7,201.0,26.0,3.9,699.0,822.0,123.0
491.0,56,201.0,26.0,3.9,699.0,822.0,123.0
424.0,28,178.0,22.0,8.5,750.0,822.0,132.0
424.0,3,178.0,22.0,8.5,750.0,882.0,132.0
424.0,28,168.0,22.0,8.9,750.0,822.0,132.0
424.0,7,178.0,22.0,8.5,750.0,822.0,132.0
424.0,56,178.0,22.0,8.5,750.0,822.0,132.0
424.0,3,168.0,22.0,8.9,750.0,822.0,132.0
424.0,7,168.0,22.0,8.9,750.0,822.0,132.0
424.0,56,168.0,22.0,8.9,750.0,822.0,132.0
202.0,28,206.0,11.0,1.7,801.0,942.0,141.0
202.0,3,206.0,11.0,1.7,801.0,942.0,141.0
202.0,7,206.0,11.0,1.7,801.0,942.0,141.0
202.0,56,206.0,11.0,1.7,801.0,942.0,141.0
284.0,28,179.0,15.0,5.5,801.0,842.0,141.0
284.0,3,179.0,15.0,5.5,801.0,842.0,141.0
284.0,7,179.0,15.0,5.5,801.0,842.0,141.0
284.0,56,179.0,15.0,5.5,801.0,842.0,141.0
359.0,28,154.0,19.0,10.9,801.0,942.0,141.0
359.0,28,154.0,19.0,10.9,801.0,942.0,141.0
359.0,3,154.0,19.0,10.9,801.0,942.0,141.0
359.0,3,154.0,19.0,10.9,801.0,942.0,141.0
359.0,7,154.0,19.0,10.9,801.0,942.0,141.0
359.0,7,154.0,19.0,10.9,801.0,942.0,141.0
359.0,56,154.0,19.0,10.9,801.0,942.0,141.0
359.0,56,154.0,19.0,10.9,801.0,942.0,141.0
436.0,28,218.0,0.0,0.0,719.7,838.4,0.0
289.0,90,192.0,0.0,0.0,895.3,913.2,0.0
289.0,3,192.0,0.0,0.0,895.3,913.2,0.0
393.0,3,192.0,0.0,0.0,785.6,940.6,0.0
393.0,90,192.0,0.0,0.0,785.6,940.6,0.0
393.0,28,192.0,0.0,0.0,785.6,940.6,0.0
480.0,28,192.0,0.0,0.0,712.2,936.2,0.0
480.0,7,192.0,0.0,0.0,712.2,936.2,0.0
480.0,90,192.0,0.0,0.0,712.2,936.2,0.0
480.0,3,192.0,0.0,0.0,712.2,936.2,0.0
333.0,3,192.0,0.0,0.0,842.6,931.2,0.0
255.0,90,192.0,0.0,0.0,945.0,889.8,0.0
255.0,7,192.0,0.0,0.0,945.0,889.8,0.0
289.0,7,192.0,0.0,0.0,895.3,913.2,0.0
255.0,28,192.0,0.0,0.0,945.0,889.8,0.0
333.0,28,192.0,0.0,0.0,842.6,931.2,0.0
333.0,7,192.0,0.0,0.0,842.6,931.2,0.0
289.0,28,192.0,0.0,0.0,895.3,913.2,0.0
333.0,90,192.0,0.0,0.0,842.6,931.2,0.0
393.0,7,192.0,0.0,0.0,785.6,940.6,0.0
255.0,3,192.0,0.0,0.0,945.0,889.8,0.0
158.8,7,185.7,238.2,0.0,734.3,1040.6,0.0
239.6,7,185.7,359.4,0.0,664.3,941.6,0.0
238.2,7,185.7,158.8,0.0,734.3,1040.6,0.0
181.9,28,185.7,272.8,0.0,714.3,1012.4,0.0
193.5,28,185.7,290.2,0.0,704.3,998.2,0.0
255.5,7,185.7,170.3,0.0,724.3,1026.6,0.0
272.8,7,185.7,181.9,0.0,714.3,1012.4,0.0
239.6,28,185.7,359.4,0.0,664.3,941.6,0.0
220.8,28,185.7,147.2,0.0,744.3,1055.0,0.0
397.0,28,185.7,0.0,0.0,734.3,1040.6,0.0
382.5,7,185.7,0.0,0.0,739.3,1047.8,0.0
210.7,7,185.7,316.1,0.0,689.3,977.0,0.0
158.8,28,185.7,238.2,0.0,734.3,1040.6,0.0
295.8,7,185.7,0.0,0.0,769.3,1091.4,0.0
255.5,28,185.7,170.3,0.0,724.3,1026.6,0.0
203.5,7,185.7,135.7,0.0,759.3,1076.2,0.0
397.0,7,185.7,0.0,0.0,734.3,1040.6,0.0
381.4,28,185.7,0.0,0.0,784.3,1104.6,0.0
295.8,28,185.7,0.0,0.0,769.3,1091.4,0.0
228.0,28,185.7,342.1,0.0,674.3,955.8,0.0
220.8,7,185.7,147.2,0.0,744.3,1055.0,0.0
316.1,28,185.7,210.7,0.0,689.3,977.0,0.0
135.7,7,185.7,203.5,0.0,759.3,1076.2,0.0
238.1,28,185.7,0.0,0.0,789.3,1118.8,0.0
339.2,7,185.7,0.0,0.0,754.3,1069.2,0.0
135.7,28,185.7,203.5,0.0,759.3,1076.2,0.0
193.5,7,185.7,290.2,0.0,704.3,998.2,0.0
203.5,28,185.7,135.7,0.0,759.3,1076.2,0.0
290.2,7,185.7,193.5,0.0,704.3,998.2,0.0
181.9,7,185.7,272.8,0.0,714.3,1012.4,0.0
170.3,28,185.7,155.5,0.0,724.3,1026.6,0.0
210.7,28,185.7,316.1,0.0,689.3,977.0,0.0
228.0,7,185.7,342.1,0.0,674.3,955.8,0.0
290.2,28,185.7,193.5,0.0,704.3,998.2,0.0
381.4,7,185.7,0.0,0.0,784.3,1104.6,0.0
238.2,28,185.7,158.8,0.0,734.3,1040.6,0.0
186.2,7,185.7,124.1,0.0,764.3,1083.4,0.0
339.2,28,185.7,0.0,0.0,754.3,1069.2,0.0
238.1,7,185.7,0.0,0.0,789.3,1118.8,0.0
252.5,28,185.7,0.0,0.0,784.3,1111.6,0.0
382.5,28,185.7,0.0,0.0,739.3,1047.8,0.0
252.5,7,185.7,0.0,0.0,784.3,1111.6,0.0
316.1,7,185.7,210.7,0.0,689.3,977.0,0.0
186.2,28,185.7,124.1,0.0,764.3,1083.4,0.0
170.3,7,185.7,155.5,0.0,724.3,1026.6,0.0
272.8,28,185.7,181.9,0.0,714.3,1012.4,0.0
339.0,3,197.0,0.0,0.0,781.0,968.0,0.0
339.0,7,197.0,0.0,0.0,781.0,968.0,0.0
339.0,14,197.0,0.0,0.0,781.0,968.0,0.0
339.0,28,197.0,0.0,0.0,781.0,968.0,0.0
339.0,90,197.0,0.0,0.0,781.0,968.0,0.0
339.0,180,197.0,0.0,0.0,781.0,968.0,0.0
339.0,365,197.0,0.0,0.0,781.0,968.0,0.0
236.0,3,194.0,0.0,0.0,885.0,968.0,0.0
236.0,14,194.0,0.0,0.0,885.0,968.0,0.0
236.0,28,194.0,0.0,0.0,885.0,968.0,0.0
236.0,90,194.0,0.0,0.0,885.0,968.0,0.0
236.0,180,193.0,0.0,0.0,885.0,968.0,0.0
236.0,365,193.0,0.0,0.0,885.0,968.0,0.0
277.0,14,191.0,0.0,0.0,856.0,968.0,0.0
277.0,28,191.0,0.0,0.0,856.0,968.0,0.0
277.0,3,191.0,0.0,0.0,856.0,968.0,0.0
277.0,90,191.0,0.0,0.0,856.0,968.0,0.0
277.0,180,191.0,0.0,0.0,856.0,968.0,0.0
277.0,360,191.0,0.0,0.0,856.0,968.0,0.0
254.0,3,198.0,0.0,0.0,863.0,968.0,0.0
254.0,90,198.0,0.0,0.0,863.0,968.0,0.0
254.0,180,198.0,0.0,0.0,863.0,968.0,0.0
254.0,365,198.0,0.0,0.0,863.0,968.0,0.0
307.0,180,193.0,0.0,0.0,812.0,968.0,0.0
307.0,365,193.0,0.0,0.0,812.0,968.0,0.0
307.0,3,193.0,0.0,0.0,812.0,968.0,0.0
307.0,28,193.0,0.0,0.0,812.0,968.0,0.0
307.0,90,193.0,0.0,0.0,812.0,968.0,0.0
236.0,7,193.0,0.0,0.0,885.0,968.0,0.0
200.0,7,180.0,0.0,0.0,845.0,1125.0,0.0
200.0,28,180.0,0.0,0.0,845.0,1125.0,0.0
225.0,7,181.0,0.0,0.0,833.0,1113.0,0.0
225.0,28,181.0,0.0,0.0,833.0,1113.0,0.0
325.0,7,184.0,0.0,0.0,783.0,1063.0,0.0
325.0,28,184.0,0.0,0.0,783.0,1063.0,0.0
275.0,7,183.0,0.0,0.0,808.0,1088.0,0.0
275.0,28,183.0,0.0,0.0,808.0,1088.0,0.0
300.0,7,184.0,0.0,0.0,795.0,1075.0,0.0
300.0,28,184.0,0.0,0.0,795.0,1075.0,0.0
375.0,7,186.0,0.0,0.0,758.0,1038.0,0.0
375.0,28,186.0,0.0,0.0,758.0,1038.0,0.0
400.0,28,187.0,0.0,0.0,745.0,1025.0,0.0
400.0,7,187.0,0.0,0.0,745.0,1025.0,0.0
250.0,7,182.0,0.0,0.0,820.0,1100.0,0.0
250.0,28,182.0,0.0,0.0,820.0,1100.0,0.0
350.0,7,186.0,0.0,0.0,770.0,1050.0,0.0
350.0,28,186.0,0.0,0.0,770.0,1050.0,0.0
203.5,7,203.5,305.3,0.0,630.0,963.4,0.0
250.2,90,203.5,166.8,0.0,694.1,977.6,0.0
157.0,90,192.0,236.0,0.0,781.2,935.4,0.0
141.3,28,203.5,212.0,0.0,748.5,971.8,0.0
166.8,3,203.5,250.2,0.0,692.6,975.6,0.0
122.6,90,203.5,183.9,0.0,800.1,958.2,0.0
183.9,3,203.5,122.6,0.0,800.0,959.2,0.0
102.0,3,192.0,153.0,0.0,942.0,887.0,0.0
102.0,90,192.0,153.0,0.0,942.0,887.0,0.0
122.6,28,203.5,183.9,0.0,800.1,958.2,0.0
166.8,28,203.5,250.2,0.0,692.6,975.6,0.0
200.0,3,192.0,133.0,0.0,806.2,965.4,0.0
108.3,28,203.5,162.4,0.0,849.0,938.2,0.0
305.3,7,203.5,203.5,0.0,631.0,965.4,0.0
108.3,90,203.5,162.4,0.0,849.0,938.2,0.0
116.0,90,192.0,173.0,0.0,891.9,909.8,0.0
141.3,7,203.5,212.0,0.0,748.5,971.8,0.0
157.0,28,192.0,236.0,0.0,781.2,935.4,0.0
133.0,28,192.0,200.0,0.0,839.2,927.4,0.0
250.2,7,203.5,166.8,0.0,694.1,977.6,0.0
173.0,7,192.0,116.0,0.0,856.8,946.8,0.0
192.0,3,192.0,288.0,0.0,716.1,929.8,0.0
192.0,28,192.0,288.0,0.0,716.1,929.8,0.0
153.0,3,192.0,102.0,0.0,943.1,888.0,0.0
288.0,3,192.0,192.0,0.0,717.8,932.0,0.0
305.3,28,203.5,203.5,0.0,631.0,965.4,0.0
236.0,7,192.0,157.0,0.0,749.1,972.6,0.0
173.0,3,192.0,116.0,0.0,856.8,946.8,0.0
212.0,7,203.5,141.3,0.0,750.0,973.4,0.0
236.0,3,192.0,157.0,0.0,749.1,972.6,0.0
183.9,90,203.5,122.6,0.0,800.0,959.2,0.0
166.8,7,203.5,250.2,0.0,692.6,975.6,0.0
102.0,7,192.0,153.0,0.0,942.0,887.0,0.0
288.0,28,192.0,192.0,0.0,717.8,932.0,0.0
212.0,28,203.5,141.3,0.0,750.0,973.4,0.0
102.0,28,192.0,153.0,0.0,942.0,887.0,0.0
173.0,28,192.0,116.0,0.0,856.8,946.8,0.0
183.9,28,203.5,122.6,0.0,800.0,959.2,0.0
133.0,90,192.0,200.0,0.0,839.2,927.4,0.0
192.0,90,192.0,288.0,0.0,716.1,929.8,0.0
133.0,7,192.0,200.0,0.0,839.2,927.4,0.0
305.3,3,203.5,203.5,0.0,631.0,965.4,0.0
236.0,90,192.0,157.0,0.0,749.1,972.6,0.0
108.3,3,203.5,162.4,0.0,849.0,938.2,0.0
157.0,7,192.0,236.0,0.0,781.2,935.4,0.0
288.0,7,192.0,192.0,0.0,717.8,932.0,0.0
212.0,3,203.5,141.3,0.0,750.0,973.4,0.0
212.0,90,203.5,141.3,0.0,750.0,973.4,0.0
153.0,28,192.0,102.0,0.0,943.1,888.0,0.0
236.0,28,192.0,157.0,0.0,749.1,972.6,0.0
116.0,28,192.0,173.0,0.0,891.9,909.8,0.0
183.9,7,203.5,122.6,0.0,800.0,959.2,0.0
108.3,7,203.5,162.4,0.0,849.0,938.2,0.0
203.5,28,203.5,305.3,0.0,630.0,963.4,0.0
203.5,3,203.5,305.3,0.0,630.0,963.4,0.0
133.0,3,192.0,200.0,0.0,839.2,927.4,0.0
288.0,90,192.0,192.0,0.0,717.8,932.0,0.0
200.0,7,192.0,133.0,0.0,806.2,965.4,0.0
200.0,28,192.0,133.0,0.0,806.2,965.4,0.0
250.2,3,203.5,166.8,0.0,694.1,977.6,0.0
122.6,3,203.5,183.9,0.0,800.1,958.2,0.0
153.0,90,192.0,102.0,0.0,943.1,888.0,0.0
200.0,90,192.0,133.0,0.0,806.2,965.4,0.0
116.0,3,192.0,173.0,0.0,891.9,909.8,0.0
173.0,90,192.0,116.0,0.0,856.8,946.8,0.0
250.2,28,203.5,166.8,0.0,694.1,977.6,0.0
305.3,90,203.5,203.5,0.0,631.0,965.4,0.0
192.0,7,192.0,288.0,0.0,716.1,929.8,0.0
157.0,3,192.0,236.0,0.0,781.2,935.4,0.0
153.0,7,192.0,102.0,0.0,943.1,888.0,0.0
141.3,90,203.5,212.0,0.0,748.5,971.8,0.0
116.0,7,192.0,173.0,0.0,891.9,909.8,0.0
141.3,3,203.5,212.0,0.0,748.5,971.8,0.0
122.6,7,203.5,183.9,0.0,800.1,958.2,0.0
166.8,90,203.5,250.2,0.0,692.6,975.6,0.0
203.5,90,203.5,305.3,0.0,630.0,963.4,0.0
310.0,3,192.0,0.0,0.0,830.0,1012.0,0.0
310.0,7,192.0,0.0,0.0,830.0,1012.0,0.0
310.0,28,192.0,0.0,0.0,830.0,1012.0,0.0
310.0,90,192.0,0.0,0.0,830.0,1012.0,0.0
310.0,120,192.0,0.0,0.0,830.0,1012.0,0.0
331.0,3,192.0,0.0,0.0,821.0,1025.0,0.0
331.0,7,192.0,0.0,0.0,821.0,1025.0,0.0
331.0,28,192.0,0.0,0.0,821.0,1025.0,0.0
331.0,90,192.0,0.0,0.0,821.0,1025.0,0.0
331.0,120,192.0,0.0,0.0,821.0,1025.0,0.0
349.0,3,192.0,0.0,0.0,809.0,1056.0,0.0
349.0,7,192.0,0.0,0.0,809.0,1056.0,0.0
349.0,28,192.0,0.0,0.0,809.0,1056.0,0.0
349.0,90,192.0,0.0,0.0,809.0,1056.0,0.0
349.0,120,192.0,0.0,0.0,809.0,1056.0,0.0
238.0,7,186.0,0.0,0.0,789.0,1119.0,0.0
238.0,28,186.0,0.0,0.0,789.0,1119.0,0.0
296.0,7,186.0,0.0,0.0,769.0,1090.0,0.0
296.0,28,186.0,0.0,0.0,769.0,1090.0,0.0
297.0,7,186.0,0.0,0.0,734.0,1040.0,0.0
480.0,28,192.0,0.0,0.0,721.0,936.0,0.0
480.0,90,192.0,0.0,0.0,721.0,936.0,0.0
397.0,28,186.0,0.0,0.0,734.0,1040.0,0.0
281.0,7,186.0,0.0,0.0,774.0,1104.0,0.0
281.0,28,185.0,0.0,0.0,774.0,1104.0,0.0
500.0,1,200.0,0.0,0.0,613.0,1125.0,0.0
500.0,3,200.0,0.0,0.0,613.0,1125.0,0.0
500.0,7,200.0,0.0,0.0,613.0,1125.0,0.0
500.0,14,200.0,0.0,0.0,613.0,1125.0,0.0
500.0,28,200.0,0.0,0.0,613.0,1125.0,0.0
540.0,7,173.0,0.0,0.0,613.0,1125.0,0.0
540.0,14,173.0,0.0,0.0,613.0,1125.0,0.0
540.0,28,173.0,0.0,0.0,613.0,1125.0,0.0
540.0,90,173.0,0.0,0.0,613.0,1125.0,0.0
540.0,180,173.0,0.0,0.0,613.0,1125.0,0.0
540.0,270,173.0,0.0,0.0,613.0,1125.0,0.0
350.0,7,203.0,0.0,0.0,775.0,974.0,0.0
350.0,14,203.0,0.0,0.0,775.0,974.0,0.0
350.0,28,203.0,0.0,0.0,775.0,974.0,0.0
350.0,56,203.0,0.0,0.0,775.0,974.0,0.0
350.0,90,203.0,0.0,0.0,775.0,974.0,0.0
350.0,180,203.0,0.0,0.0,775.0,974.0,0.0
385.0,1,186.0,0.0,0.0,763.0,966.0,0.0
385.0,3,186.0,0.0,0.0,763.0,966.0,0.0
385.0,7,186.0,0.0,0.0,763.0,966.0,0.0
385.0,14,186.0,0.0,0.0,763.0,966.0,0.0
385.0,28,186.0,0.0,0.0,763.0,966.0,0.0
331.0,180,192.0,0.0,0.0,825.0,978.0,0.0
331.0,360,192.0,0.0,0.0,825.0,978.0,0.0
349.0,3,192.0,0.0,0.0,806.0,1047.0,0.0
331.0,3,192.0,0.0,0.0,825.0,978.0,0.0
382.0,7,186.0,0.0,0.0,739.0,1047.0,0.0
382.0,28,186.0,0.0,0.0,739.0,1047.0,0.0
382.0,7,186.0,0.0,0.0,784.0,1111.0,0.0
281.0,28,186.0,0.0,0.0,774.0,1104.0,0.0
339.0,7,185.0,0.0,0.0,754.0,1069.0,0.0
339.0,28,185.0,0.0,0.0,754.0,1069.0,0.0
295.0,7,185.0,0.0,0.0,769.0,1069.0,0.0
295.0,28,185.0,0.0,0.0,769.0,1069.0,0.0
238.0,28,185.0,0.0,0.0,789.0,1118.0,0.0
296.0,7,192.0,0.0,0.0,765.0,1085.0,0.0
296.0,28,192.0,0.0,0.0,765.0,1085.0,0.0
296.0,90,192.0,0.0,0.0,765.0,1085.0,0.0
331.0,3,192.0,0.0,0.0,825.0,879.0,0.0
331.0,7,192.0,0.0,0.0,825.0,978.0,0.0
331.0,28,192.0,0.0,0.0,825.0,978.0,0.0
331.0,90,192.0,0.0,0.0,825.0,978.0,0.0
349.0,7,192.0,0.0,0.0,806.0,1047.0,0.0
349.0,28,192.0,0.0,0.0,806.0,1047.0,0.0
349.0,90,192.0,0.0,0.0,806.0,1047.0,0.0
349.0,180,192.0,0.0,0.0,806.0,1047.0,0.0
349.0,360,192.0,0.0,0.0,806.0,1047.0,0.0
302.0,14,203.0,0.0,0.0,817.0,974.0,0.0
302.0,180,203.0,0.0,0.0,817.0,974.0,0.0
525.0,180,189.0,0.0,0.0,613.0,1125.0,0.0
500.0,90,200.0,0.0,0.0,613.0,1125.0,0.0
500.0,180,200.0,0.0,0.0,613.0,1125.0,0.0
500.0,270,200.0,0.0,0.0,613.0,1125.0,0.0
540.0,3,173.0,0.0,0.0,613.0,1125.0,0.0
252.0,7,185.0,0.0,0.0,784.0,1111.0,0.0
252.0,28,185.0,0.0,0.0,784.0,1111.0,0.0
339.0,28,185.0,0.0,0.0,754.0,1060.0,0.0
393.0,3,192.0,0.0,0.0,758.0,940.0,0.0
393.0,28,192.0,0.0,0.0,758.0,940.0,0.0
393.0,90,192.0,0.0,0.0,758.0,940.0,0.0
382.0,7,185.0,0.0,0.0,739.0,1047.0,0.0
382.0,28,185.0,0.0,0.0,739.0,1047.0,0.0
252.0,7,186.0,0.0,0.0,784.0,1111.0,0.0
252.0,28,185.0,0.0,0.0,784.0,1111.0,0.0
310.0,7,192.0,0.0,0.0,850.0,970.0,0.0
310.0,28,192.0,0.0,0.0,850.0,970.0,0.0
310.0,90,192.0,0.0,0.0,850.0,970.0,0.0
310.0,180,192.0,0.0,0.0,850.0,970.0,0.0
310.0,360,192.0,0.0,0.0,850.0,970.0,0.0
525.0,3,189.0,0.0,0.0,613.0,1125.0,0.0
525.0,7,189.0,0.0,0.0,613.0,1125.0,0.0
525.0,14,189.0,0.0,0.0,613.0,1125.0,0.0
525.0,28,189.0,0.0,0.0,613.0,1125.0,0.0
525.0,90,189.0,0.0,0.0,613.0,1125.0,0.0
525.0,270,189.0,0.0,0.0,613.0,1125.0,0.0
322.0,14,203.0,0.0,0.0,800.0,974.0,0.0
322.0,28,203.0,0.0,0.0,800.0,974.0,0.0
322.0,180,203.0,0.0,0.0,800.0,974.0,0.0
302.0,28,203.0,0.0,0.0,817.0,974.0,0.0
397.0,28,185.0,0.0,0.0,734.0,1040.0,0.0
480.0,3,192.0,0.0,0.0,721.0,936.0,0.0
522.0,7,146.0,0.0,0.0,896.0,896.0,0.0
522.0,28,146.0,0.0,0.0,896.0,896.0,0.0
273.0,28,210.0,105.0,9.0,680.0,904.0,82.0
162.0,28,179.0,190.0,19.0,741.0,838.0,148.0
154.0,28,220.0,144.0,10.0,658.0,923.0,112.0
147.0,28,202.0,115.0,9.0,829.0,860.0,89.0
152.0,28,168.0,178.0,18.0,695.0,944.0,139.0
310.0,28,168.0,143.0,22.0,651.0,914.0,111.0
144.0,28,158.0,0.0,18.0,844.0,943.0,175.0
304.0,28,214.0,140.0,6.0,722.0,895.0,0.0
374.0,28,190.0,0.0,7.0,730.0,1013.0,0.0
159.0,28,175.0,149.0,15.0,720.0,953.0,116.0
153.0,28,200.0,239.0,6.0,684.0,1002.0,0.0
310.0,28,168.0,143.0,10.0,804.0,914.0,0.0
305.0,28,196.0,0.0,10.0,705.0,959.0,100.0
151.0,28,167.0,0.0,12.0,772.0,991.0,184.0
142.0,28,174.0,167.0,11.0,785.0,883.0,130.0
298.0,28,201.0,137.0,6.0,655.0,878.0,107.0
321.0,28,190.0,164.0,5.0,774.0,870.0,0.0
366.0,28,191.0,187.0,7.0,757.0,824.0,0.0
280.0,28,172.0,129.0,9.0,805.0,825.0,100.0
252.0,28,194.0,97.0,8.0,821.0,835.0,76.0
165.0,28,182.0,0.0,12.0,729.0,1023.0,150.0
156.0,28,180.0,243.0,11.0,698.0,1022.0,0.0
160.0,28,203.0,188.0,11.0,710.0,829.0,146.0
298.0,28,186.0,0.0,6.0,815.0,879.0,107.0
318.0,28,210.0,0.0,6.0,737.0,861.0,126.0
287.0,28,188.0,121.0,9.0,696.0,904.0,94.0
326.0,28,174.0,166.0,9.0,790.0,882.0,0.0
356.0,28,193.0,0.0,11.0,778.0,801.0,142.0
132.0,28,179.0,207.0,5.0,736.0,867.0,161.0
322.0,28,186.0,149.0,8.0,709.0,951.0,0.0
164.0,28,181.0,0.0,13.0,846.0,849.0,200.0
314.0,28,170.0,0.0,10.0,783.0,925.0,113.0
321.0,28,182.0,0.0,11.0,780.0,870.0,128.0
140.0,28,237.0,164.0,6.0,656.0,869.0,128.0
288.0,28,177.0,121.0,7.0,829.0,908.0,0.0
298.0,28,210.0,0.0,11.0,744.0,880.0,107.0
265.0,28,195.0,111.0,6.0,790.0,833.0,86.0
160.0,28,168.0,250.0,12.0,688.0,1049.0,0.0
166.0,28,183.0,260.0,13.0,827.0,859.0,0.0
276.0,28,180.0,116.0,9.0,768.0,870.0,90.0
322.0,28,196.0,0.0,10.0,813.0,818.0,116.0
149.0,28,193.0,139.0,6.0,780.0,892.0,109.0
159.0,28,176.0,187.0,11.0,789.0,990.0,0.0
261.0,28,201.0,100.0,9.0,761.0,864.0,78.0
237.0,28,247.0,92.0,6.0,695.0,853.0,71.0
313.0,28,178.0,0.0,8.0,689.0,1002.0,113.0
155.0,28,193.0,183.0,9.0,697.0,1047.0,0.0
146.0,28,202.0,230.0,3.0,872.0,827.0,0.0
296.0,28,221.0,0.0,11.0,778.0,819.0,107.0
133.0,28,196.0,210.0,3.0,795.0,949.0,0.0
313.0,28,178.0,145.0,8.0,824.0,867.0,0.0
152.0,28,184.0,0.0,8.0,816.0,992.0,112.0
153.0,28,178.0,145.0,8.0,689.0,1002.0,113.0
140.0,28,200.0,133.0,7.0,753.0,916.0,103.0
149.0,28,176.0,236.0,13.0,893.0,847.0,0.0
300.0,28,212.0,0.0,10.0,728.0,878.0,120.0
153.0,28,178.0,145.0,8.0,824.0,867.0,113.0
148.0,28,158.0,0.0,16.0,830.0,1002.0,137.0
326.0,28,199.0,0.0,11.0,792.0,801.0,138.0
153.0,28,178.0,145.0,8.0,822.0,1000.0,0.0
262.0,28,195.0,111.0,5.0,733.0,895.0,86.0
158.0,28,220.0,0.0,11.0,713.0,898.0,195.0
151.0,28,167.0,0.0,16.0,678.0,1074.0,185.0
273.0,28,199.0,0.0,11.0,762.0,931.0,90.0
149.0,28,183.0,118.0,7.0,780.0,953.0,92.0
143.0,28,191.0,169.0,8.0,643.0,967.0,143.0
260.0,28,171.0,101.0,10.0,763.0,936.0,78.0
313.0,28,178.0,161.0,10.0,759.0,917.0,0.0
284.0,28,168.0,120.0,7.0,794.0,970.0,0.0
336.0,28,182.0,0.0,3.0,817.0,986.0,0.0
145.0,28,181.0,0.0,11.0,812.0,979.0,134.0
150.0,28,174.0,237.0,12.0,675.0,1069.0,0.0
144.0,28,192.0,170.0,8.0,805.0,814.0,133.0
331.0,28,195.0,170.0,8.0,802.0,811.0,0.0
155.0,28,193.0,0.0,9.0,697.0,1047.0,143.0
155.0,28,193.0,183.0,9.0,868.0,877.0,0.0
135.0,28,180.0,0.0,10.0,805.0,961.0,166.0
266.0,28,178.0,112.0,10.0,745.0,910.0,87.0
314.0,28,179.0,145.0,8.0,690.0,869.0,113.0
313.0,28,127.0,145.0,8.0,822.0,1000.0,0.0
146.0,28,182.0,173.0,3.0,817.0,986.0,0.0
144.0,28,178.0,136.0,7.0,774.0,941.0,106.0
148.0,28,181.0,0.0,15.0,884.0,839.0,182.0
277.0,28,191.0,117.0,7.0,666.0,946.0,91.0
298.0,28,164.0,0.0,13.0,784.0,953.0,107.0
313.0,28,178.0,145.0,8.0,689.0,1002.0,0.0
155.0,28,194.0,184.0,9.0,699.0,880.0,143.0
289.0,28,195.0,134.0,6.0,760.0,924.0,0.0
148.0,28,171.0,175.0,2.0,828.0,1000.0,0.0
145.0,28,202.0,0.0,8.0,869.0,824.0,179.0
313.0,28,178.0,0.0,8.0,822.0,1000.0,0.0
136.0,28,172.0,162.0,10.0,764.0,923.0,126.0
155.0,28,193.0,0.0,9.0,868.0,877.0,143.0
255.0,28,189.0,99.0,6.0,749.0,919.0,77.0
162.0,28,216.0,207.0,10.0,638.0,822.0,172.0
136.0,28,199.0,196.0,6.0,783.0,847.0,98.0
164.0,28,197.0,163.0,8.0,641.0,961.0,128.0
162.0,28,202.0,214.0,10.0,680.0,820.0,164.0
157.0,28,200.0,214.0,9.0,704.0,819.0,152.0
149.0,28,192.0,153.0,8.0,623.0,935.0,194.0
135.0,28,196.0,105.0,6.0,643.0,965.0,193.0
159.0,28,201.0,209.0,7.0,669.0,848.0,161.0
144.0,28,176.0,15.0,6.0,709.0,1021.0,195.0
154.0,28,228.0,174.0,7.0,612.0,845.0,185.0
167.0,28,185.0,187.0,7.0,636.0,898.0,195.0
184.0,28,213.0,86.0,6.0,623.0,923.0,190.0
156.0,28,221.0,178.0,7.0,614.0,854.0,187.0
236.9,28,246.9,91.7,6.0,695.4,852.9,71.5
313.3,28,178.5,0.0,8.0,688.7,1001.9,113.0
154.8,28,193.3,183.4,9.1,696.7,1047.4,0.0
145.9,28,202.5,230.5,3.4,871.8,827.0,0.0
296.0,28,221.4,0.0,10.5,778.4,819.2,106.7
133.1,28,195.7,210.2,3.1,795.3,949.4,0.0
313.3,28,178.5,145.0,8.0,824.0,867.2,0.0
151.6,28,184.4,0.0,7.9,815.9,992.0,111.9
153.1,28,178.5,145.0,8.0,688.7,1001.9,113.0
139.9,28,200.3,132.6,7.4,753.4,916.0,103.3
149.5,28,175.8,236.0,12.6,892.7,846.8,0.0
299.8,28,211.5,0.0,9.9,727.6,878.2,119.8
153.1,28,178.5,145.0,8.0,824.0,867.2,113.0
148.1,28,158.1,0.0,16.1,830.1,1001.8,136.6
326.5,28,199.0,0.0,10.8,792.5,801.1,137.9
152.7,28,178.1,144.7,8.0,822.2,999.7,0.0
261.9,28,195.4,110.5,5.0,732.6,895.2,86.1
158.4,28,219.7,0.0,11.0,712.9,897.7,194.9
150.7,28,166.7,0.0,15.6,678.0,1074.5,185.3
272.6,28,198.7,0.0,10.6,762.2,931.3,89.6
149.0,28,182.9,117.6,7.1,780.3,953.4,91.7
143.0,28,190.7,169.4,8.4,643.5,967.4,142.7
259.9,28,170.6,100.6,10.4,762.9,935.7,78.4
312.9,28,177.6,160.5,9.6,759.5,916.6,0.0
284.0,28,168.3,119.7,7.2,794.2,970.4,0.0
336.5,28,181.9,0.0,3.4,816.8,985.8,0.0
144.8,28,180.8,0.0,11.1,811.5,979.5,133.6
150.0,28,173.8,236.8,11.9,674.8,1069.3,0.0
143.7,28,191.6,170.2,8.5,805.3,814.1,132.6
330.5,28,194.9,169.6,8.1,802.3,811.0,0.0
154.8,28,193.3,0.0,9.1,696.7,1047.4,142.8
154.8,28,193.3,183.4,9.1,867.7,877.2,0.0
134.7,28,180.2,0.0,10.0,804.9,961.0,165.7
266.2,28,177.9,112.3,10.4,744.5,909.7,87.5
314.0,28,178.9,145.3,8.0,690.2,869.1,113.2
312.7,28,127.3,144.7,8.0,822.2,999.7,0.0
145.7,28,181.9,172.6,3.4,816.8,985.8,0.0
143.8,28,178.1,136.3,7.5,774.3,941.5,106.2
148.1,28,181.4,0.0,15.0,884.3,838.9,182.1
277.0,28,190.6,116.8,7.0,665.6,946.5,91.0
298.1,28,163.6,0.0,12.8,784.0,953.2,107.5
313.3,28,178.5,145.0,8.0,688.7,1001.9,0.0
155.2,28,193.8,183.9,9.2,698.5,879.6,143.2
289.0,28,194.9,133.7,5.5,760.1,924.1,0.0
147.8,28,171.2,175.1,2.2,828.5,1000.0,0.0
145.4,28,201.7,0.0,7.8,868.7,824.0,178.9
312.7,28,178.1,0.0,8.0,822.2,999.7,0.0
136.4,28,171.6,161.6,10.4,764.4,922.6,125.8
154.8,28,193.3,0.0,9.1,867.7,877.2,142.8
255.3,28,188.6,98.8,6.5,749.3,919.0,77.0
272.8,28,209.7,105.1,9.0,679.7,904.0,81.8
162.0,28,178.8,190.1,18.8,741.4,838.1,148.1
153.6,28,220.1,144.2,10.1,657.9,923.2,112.3
146.5,28,201.9,114.6,8.8,829.5,860.0,89.3
151.8,28,167.5,178.1,18.3,694.6,944.0,138.7
309.9,28,167.8,142.8,22.1,651.2,913.9,111.2
143.6,28,158.4,0.0,17.9,844.5,942.7,174.9
303.6,28,213.5,139.9,6.2,722.5,895.5,0.0
374.3,28,190.2,0.0,6.7,730.4,1013.2,0.0
158.6,28,175.1,148.9,15.0,719.7,953.3,116.0
152.6,28,200.0,238.7,6.3,683.9,1001.8,0.0
310.0,28,167.9,142.8,10.0,804.0,914.3,0.0
304.8,28,196.0,0.0,9.8,705.2,959.4,99.6
150.9,28,166.6,0.0,11.6,772.2,991.2,183.9
141.9,28,173.5,166.6,10.9,785.3,882.6,129.7
297.8,28,201.3,137.2,6.0,655.3,878.4,106.9
321.3,28,190.5,164.2,4.6,774.0,870.0,0.0
366.0,28,191.3,187.0,6.6,756.9,824.3,0.0
279.8,28,172.4,128.9,9.5,804.9,825.1,100.4
252.1,28,193.8,97.1,8.3,821.4,835.5,75.6
164.6,28,181.6,0.0,11.7,728.9,1023.3,150.4
155.6,28,180.3,243.5,10.7,697.7,1022.0,0.0
160.2,28,203.2,188.0,11.3,709.7,828.7,146.4
298.1,28,186.4,0.0,6.1,815.2,879.0,107.0
317.9,28,209.7,0.0,5.7,736.6,860.5,126.5
287.3,28,187.6,120.5,9.2,695.9,904.4,93.9
325.6,28,174.0,166.4,8.9,790.0,881.6,0.0
355.9,28,193.3,0.0,11.0,778.4,801.4,141.6
132.0,28,178.9,206.5,5.5,735.6,866.9,160.9
322.5,28,185.8,148.6,8.5,709.5,951.0,0.0
164.2,28,181.2,0.0,12.6,846.0,849.3,200.1
313.8,28,169.9,0.0,10.1,782.9,925.3,112.6
321.4,28,182.5,0.0,11.5,779.7,870.1,127.9
139.7,28,236.7,163.9,5.8,655.6,868.6,127.7
288.4,28,177.4,121.0,7.0,829.5,907.9,0.0
298.2,28,209.7,0.0,11.1,744.2,879.6,107.0
264.5,28,195.5,111.0,5.9,790.4,832.6,86.5
159.8,28,168.4,250.0,12.2,688.2,1049.3,0.0
166.0,28,183.2,259.7,12.7,826.8,858.8,0.0
276.4,28,179.6,116.0,8.9,768.3,870.1,90.3
322.2,28,196.0,0.0,10.4,813.4,817.9,115.6
148.5,28,192.7,139.4,6.1,780.0,892.4,108.6
159.1,28,175.6,186.7,11.3,788.9,989.6,0.0
260.9,28,200.6,100.5,8.6,761.5,864.5,78.3
